url,template,created,age_days,words,page_specific_words,template_text_ratio,inbound_content,inbound_index,inbound_global,max_text_overlap,overlap_peer,intent_overlap,intent_peer,external_sources,numeric_claims,clicks,impressions,recommended_action,rationale
/,home,2026-10-01,6,893,882,0.01,78,0,2,0,,0,,0,0,NO DATA,NO DATA,KEEP,90-day rule n/a: page is 6 days old
/condos-for-sale/,guide,2026-10-01,6,763,714,0.06,18,2,60,0.06,/brickell-condos-under-1m/,0.24,/foreign-buyers/,2,0,NO DATA,NO DATA,KEEP,90-day rule n/a: page is 6 days old
/brickell-condos-under-1m/,guide,2026-09-27,10,339,238,0.3,15,2,0,0.24,/buying-a-condo-in-brickell/,0.22,/condos-for-sale/,2,0,NO DATA,NO DATA,IMPROVE,page-specific text 238 words; 90-day rule n/a: page is 10 days old
/brickell-condos-1m-2m/,guide,2026-09-27,10,283,190,0.33,15,1,0,0.27,/best-condos-in-brickell/,0.28,/luxury-condos/,1,0,NO DATA,NO DATA,IMPROVE,page-specific text 190 words; 90-day rule n/a: page is 10 days old
/luxury-condos/,guide,2026-09-28,9,620,577,0.07,6,2,72,0.04,/new-construction/,0.39,/branded-residences/,1,0,NO DATA,NO DATA,KEEP,90-day rule n/a: page is 9 days old
/penthouses/,guide,2026-09-28,9,592,551,0.07,3,2,75,0.05,/condos-for-sale/,0.2,/brickell-vs-downtown-miami/,1,0,NO DATA,NO DATA,KEEP,90-day rule n/a: page is 9 days old
/waterfront-condos/,guide,2026-09-28,9,657,620,0.06,9,2,69,0.05,/penthouses/,0.3,/waterfront-vs-inland-brickell/,2,0,NO DATA,NO DATA,KEEP,90-day rule n/a: page is 9 days old
/new-construction/,guide,2026-09-28,9,652,603,0.08,5,2,73,0.05,/condos-for-sale/,0.43,/new-construction-vs-resale/,1,0,NO DATA,NO DATA,"IMPROVE; MERGE-REVIEW (candidate, needs human approval)",intent overlap 0.43 with /new-construction-vs-resale/; 90-day rule n/a: page is 9 days old
/brickell-key/,guide,2026-09-28,9,403,386,0.04,15,2,63,0.06,/brickell-key-vs-brickell/,0.32,/brickell-key-vs-brickell/,2,0,NO DATA,NO DATA,KEEP,90-day rule n/a: page is 9 days old
/brickell-avenue/,guide,2026-09-28,9,352,335,0.05,11,2,67,0.05,/high-rise-residences/,0.23,/brickell-vs-downtown-miami/,1,0,NO DATA,NO DATA,KEEP,90-day rule n/a: page is 9 days old
/foreign-buyers/,guide,2026-09-27,10,287,202,0.3,0,2,0,0.27,/first-time-condo-buyer/,0.25,/luxury-condos/,2,0,NO DATA,NO DATA,IMPROVE,page-specific text 202 words; no editorial inbound link (index/global only); 90-day rule n/a: page is 10 days old
/hoa-fees/,guide,2026-09-27,10,304,189,0.38,5,2,0,0.29,/buying-a-condo-in-brickell/,0.14,/new-construction-vs-resale/,2,0,NO DATA,NO DATA,IMPROVE,page-specific text 189 words; 90-day rule n/a: page is 10 days old
/property-taxes/,guide,2026-09-27,10,272,187,0.31,1,2,0,0.26,/brickell-commute/,0.15,/buying-a-home-in-brickell/,1,0,NO DATA,NO DATA,IMPROVE,page-specific text 187 words; 90-day rule n/a: page is 10 days old
/closing-costs/,guide,2026-09-27,10,272,187,0.31,4,2,0,0.28,/first-time-condo-buyer/,0.29,/brickell-condo-closing-process/,1,0,NO DATA,NO DATA,IMPROVE,page-specific text 187 words; 90-day rule n/a: page is 10 days old
/financing/,guide,2026-09-27,10,258,165,0.36,0,2,0,0.29,/condo-insurance/,0.29,/cash-vs-financing-brickell-condo/,1,0,NO DATA,NO DATA,IMPROVE,page-specific text 165 words; no editorial inbound link (index/global only); 90-day rule n/a: page is 10 days old
/brickell-vs-downtown-miami/,guide,2026-09-28,9,370,325,0.12,1,2,0,0.06,/high-rise-residences/,0.29,/luxury-condos/,1,0,NO DATA,NO DATA,KEEP,90-day rule n/a: page is 9 days old
/best-condos-in-brickell/,guide,2026-09-27,10,195,94,0.52,0,2,0,0.36,/brickell-condos-2m-plus/,0.28,/luxury-condos/,1,0,NO DATA,NO DATA,IMPROVE,page-specific text 94 words; no editorial inbound link (index/global only); 90-day rule n/a: page is 10 days old
/buying-a-condo-in-brickell/,guide,2026-09-27,10,233,118,0.49,1,1,0,0.34,/condo-reserves/,0.3,/brickell-condo-mortgage-requirements/,2,0,NO DATA,NO DATA,IMPROVE,page-specific text 118 words; 90-day rule n/a: page is 10 days old
/brickell-key-vs-brickell/,guide,2026-09-28,9,250,209,0.16,1,2,0,0.06,/high-rise-residences/,0.32,/brickell-key/,2,0,NO DATA,NO DATA,IMPROVE,page-specific text 209 words; 90-day rule n/a: page is 9 days old
/brickell-condos-2m-plus/,guide,2026-09-27,10,194,93,0.52,0,1,0,0.36,/best-condos-in-brickell/,0.28,/buying-a-condo-in-brickell/,1,0,NO DATA,NO DATA,IMPROVE,page-specific text 93 words; no editorial inbound link (index/global only); 90-day rule n/a: page is 10 days old
/condo-reserves/,guide,2026-09-27,10,192,85,0.56,1,2,0,0.38,/condo-documents/,0.2,/brickell-condo-special-assessments/,2,0,NO DATA,NO DATA,IMPROVE,page-specific text 85 words; 56% template text; 90-day rule n/a: page is 10 days old
/condo-inspections/,guide,2026-09-27,10,202,95,0.53,2,1,0,0.38,/condo-documents/,0.29,/brickell-condo-mortgage-requirements/,2,0,NO DATA,NO DATA,IMPROVE,page-specific text 95 words; 90-day rule n/a: page is 10 days old
/condo-insurance/,guide,2026-09-27,10,191,98,0.49,4,2,0,0.37,/condo-documents/,0.25,/waterfront-condos/,2,0,NO DATA,NO DATA,IMPROVE,page-specific text 98 words; 90-day rule n/a: page is 10 days old
/condo-documents/,guide,2026-09-27,10,200,93,0.53,7,1,0,0.38,/condo-reserves/,0.27,/brickell-condo-pet-rules/,2,0,NO DATA,NO DATA,IMPROVE,page-specific text 93 words; 90-day rule n/a: page is 10 days old
/brickell-commute/,guide,2026-09-27,10,185,92,0.5,0,2,0,0.34,/best-condos-in-brickell/,0.27,/brickell-vs-downtown-miami/,0,0,NO DATA,NO DATA,IMPROVE,page-specific text 92 words; no primary-source link; no editorial inbound link (index/global only); 90-day rule n/a: page is 10 days old
/first-time-condo-buyer/,guide,2026-09-27,10,199,106,0.47,0,2,0,0.37,/condo-reserves/,0.29,/brickell-condo-closing-process/,3,0,NO DATA,NO DATA,IMPROVE,page-specific text 106 words; no editorial inbound link (index/global only); 90-day rule n/a: page is 10 days old
/brickell-condo-investment/,guide,2026-09-27,10,204,111,0.46,0,1,0,0.36,/first-time-condo-buyer/,0.27,/investment-properties-brickell/,2,0,NO DATA,NO DATA,IMPROVE,page-specific text 111 words; no editorial inbound link (index/global only); 90-day rule n/a: page is 10 days old
/new-construction-vs-resale/,guide,2026-09-28,9,249,214,0.14,4,2,0,0.07,/resale-properties/,0.43,/new-construction/,2,0,NO DATA,NO DATA,"IMPROVE; MERGE-REVIEW (candidate, needs human approval)",page-specific text 214 words; intent overlap 0.43 with /new-construction/; 90-day rule n/a: page is 9 days old
/brickell-condo-closing-process/,guide,2026-09-28,9,414,389,0.06,6,2,0,0.05,/pre-construction/,0.29,/closing-costs/,2,0,NO DATA,NO DATA,KEEP,90-day rule n/a: page is 9 days old
/brickell-condo-special-assessments/,guide,2026-09-28,9,414,389,0.06,26,2,0,0.06,/new-construction-vs-resale/,0.21,/condo-documents/,2,0,NO DATA,NO DATA,KEEP,90-day rule n/a: page is 9 days old
/brickell-condo-rental-restrictions/,guide,2026-09-28,9,384,359,0.07,26,1,0,0.06,/brickell-condo-pet-rules/,0.21,/brickell-condo-application-approval/,2,0,NO DATA,NO DATA,KEEP,90-day rule n/a: page is 9 days old
/brickell-condo-pet-rules/,guide,2026-09-28,9,366,338,0.08,2,1,0,0.06,/brickell-condo-rental-restrictions/,0.27,/condo-documents/,2,0,NO DATA,NO DATA,KEEP,90-day rule n/a: page is 9 days old
/brickell-condo-application-approval/,guide,2026-09-28,9,368,343,0.07,3,1,0,0.06,/new-construction-vs-resale/,0.24,/new-construction-vs-resale/,2,0,NO DATA,NO DATA,KEEP,90-day rule n/a: page is 9 days old
/brickell-condo-mortgage-requirements/,guide,2026-09-28,9,383,358,0.07,2,1,0,0.05,/buying-a-home-in-brickell/,0.3,/buying-a-condo-in-brickell/,2,0,NO DATA,NO DATA,KEEP,90-day rule n/a: page is 9 days old
/cash-vs-financing-brickell-condo/,guide,2026-09-28,9,402,373,0.07,3,2,0,0.05,/buying-a-home-in-brickell/,0.29,/financing/,2,0,NO DATA,NO DATA,KEEP,90-day rule n/a: page is 9 days old
/branded-residences/,guide,2026-09-28,9,282,248,0.12,10,2,68,0.07,/high-rise-residences/,0.39,/luxury-condos/,1,0,NO DATA,NO DATA,IMPROVE,page-specific text 248 words; 90-day rule n/a: page is 9 days old
/high-rise-residences/,guide,2026-09-28,9,249,211,0.15,11,2,0,0.08,/resale-properties/,0.21,/south-brickell/,1,0,NO DATA,NO DATA,IMPROVE,page-specific text 211 words; 90-day rule n/a: page is 9 days old
/resale-properties/,guide,2026-09-28,9,279,245,0.12,4,2,74,0.08,/high-rise-residences/,0.28,/new-construction-vs-resale/,1,0,NO DATA,NO DATA,IMPROVE,page-specific text 245 words; 90-day rule n/a: page is 9 days old
/pre-construction/,guide,2026-09-28,9,272,238,0.13,3,2,0,0.09,/pre-construction-buying-process/,0.36,/pre-construction-buying-process/,1,0,NO DATA,NO DATA,IMPROVE,page-specific text 238 words; 90-day rule n/a: page is 9 days old
/primary-residence-brickell/,guide,2026-09-28,9,259,230,0.11,0,2,0,0.07,/second-home-brickell/,0.25,/south-brickell/,1,0,NO DATA,NO DATA,IMPROVE,page-specific text 230 words; no editorial inbound link (index/global only); 90-day rule n/a: page is 9 days old
/second-home-brickell/,guide,2026-09-28,9,290,265,0.09,0,2,0,0.07,/primary-residence-brickell/,0.22,/foreign-buyers/,2,0,NO DATA,NO DATA,IMPROVE,no editorial inbound link (index/global only); 90-day rule n/a: page is 9 days old
/investment-properties-brickell/,guide,2026-09-28,9,271,246,0.09,0,2,0,0.07,/second-home-brickell/,0.27,/brickell-condo-investment/,2,0,NO DATA,NO DATA,IMPROVE,page-specific text 246 words; no editorial inbound link (index/global only); 90-day rule n/a: page is 9 days old
/brickell-core/,guide,2026-09-28,9,287,250,0.13,13,2,0,0.08,/south-brickell/,0.31,/north-brickell-miami-river/,1,0,NO DATA,NO DATA,KEEP,90-day rule n/a: page is 9 days old
/south-brickell/,guide,2026-09-28,9,286,253,0.12,6,2,0,0.08,/brickell-core/,0.25,/primary-residence-brickell/,1,0,NO DATA,NO DATA,KEEP,90-day rule n/a: page is 9 days old
/brickell-bay-drive/,guide,2026-09-28,9,276,243,0.12,2,2,0,0.09,/north-brickell-miami-river/,0.27,/waterfront-vs-inland-brickell/,2,0,NO DATA,NO DATA,IMPROVE,page-specific text 243 words; 90-day rule n/a: page is 9 days old
/north-brickell-miami-river/,guide,2026-09-28,9,272,239,0.12,3,2,0,0.09,/brickell-bay-drive/,0.31,/brickell-core/,2,0,NO DATA,NO DATA,IMPROVE,page-specific text 239 words; 90-day rule n/a: page is 9 days old
/waterfront-vs-inland-brickell/,guide,2026-09-28,9,253,224,0.11,1,2,0,0.07,/brickell-bay-drive/,0.3,/waterfront-condos/,1,0,NO DATA,NO DATA,IMPROVE,page-specific text 224 words; 90-day rule n/a: page is 9 days old
/condo-vs-branded-residence/,guide,2026-09-28,9,254,229,0.1,1,2,0,0.06,/waterfront-vs-inland-brickell/,0.33,/branded-residences/,0,0,NO DATA,NO DATA,IMPROVE,page-specific text 229 words; no primary-source link; 90-day rule n/a: page is 9 days old
/buying-a-home-in-brickell/,guide,2026-09-28,9,280,246,0.12,1,2,0,0.07,/high-rise-residences/,0.27,/buying-a-condo-in-brickell/,1,0,NO DATA,NO DATA,IMPROVE,page-specific text 246 words; 90-day rule n/a: page is 9 days old
/pre-construction-buying-process/,guide,2026-09-28,9,261,227,0.13,1,2,0,0.09,/pre-construction/,0.36,/pre-construction/,1,0,NO DATA,NO DATA,IMPROVE,page-specific text 227 words; 90-day rule n/a: page is 9 days old
/ownership-costs/,guide,2026-09-28,9,307,278,0.09,29,2,0,0.06,/second-home-brickell/,0.26,/brickell-condos-1m-2m/,3,0,NO DATA,NO DATA,KEEP,90-day rule n/a: page is 9 days old
/buildings/,index,2026-10-01,6,721,713,0.01,31,2,47,0,,0,,0,0,NO DATA,NO DATA,KEEP,90-day rule n/a: page is 6 days old
/buyer-guides/,index,2026-10-01,6,1216,1211,0,35,1,44,0,,0,,0,0,NO DATA,NO DATA,KEEP,90-day rule n/a: page is 6 days old
/buildings/reach-brickell-city-centre/,building,2026-09-28,9,275,90,0.67,1,2,0,0.6,/buildings/rise-brickell-city-centre/,0,,1,0,NO DATA,NO DATA,"IMPROVE; MERGE-REVIEW (candidate, needs human approval)",page-specific text 90 words; 67% template text; 60% text overlap with /buildings/rise-brickell-city-centre/; 90-day rule n/a: page is 9 days old
/buildings/rise-brickell-city-centre/,building,2026-09-28,9,273,88,0.68,1,2,0,0.6,/buildings/reach-brickell-city-centre/,0,,1,0,NO DATA,NO DATA,"IMPROVE; MERGE-REVIEW (candidate, needs human approval)",page-specific text 88 words; 68% template text; 60% text overlap with /buildings/reach-brickell-city-centre/; 90-day rule n/a: page is 9 days old
/buildings/brickell-key-one/,building,2026-09-28,9,273,83,0.7,1,2,0,0.61,/buildings/courvoisier-courts/,0,,1,0,NO DATA,NO DATA,"IMPROVE; MERGE-REVIEW (candidate, needs human approval)",page-specific text 83 words; 70% template text; 61% text overlap with /buildings/courvoisier-courts/; 90-day rule n/a: page is 9 days old
/buildings/courts-brickell-key/,building,2026-09-28,9,271,81,0.7,1,2,0,0.61,/buildings/one-tequesta-point/,0,,1,0,NO DATA,NO DATA,"IMPROVE; MERGE-REVIEW (candidate, needs human approval)",page-specific text 81 words; 70% template text; 61% text overlap with /buildings/one-tequesta-point/; 90-day rule n/a: page is 9 days old
/buildings/courvoisier-courts/,building,2026-09-28,9,275,85,0.69,0,2,0,0.62,/buildings/one-tequesta-point/,0,,1,0,NO DATA,NO DATA,"IMPROVE; MERGE-REVIEW (candidate, needs human approval)",page-specific text 85 words; 69% template text; 62% text overlap with /buildings/one-tequesta-point/; no editorial inbound link (index/global only); 90-day rule n/a: page is 9 days old
/buildings/one-tequesta-point/,building,2026-09-28,9,274,84,0.69,0,2,0,0.62,/buildings/courvoisier-courts/,0,,1,0,NO DATA,NO DATA,"IMPROVE; MERGE-REVIEW (candidate, needs human approval)",page-specific text 84 words; 69% template text; 62% text overlap with /buildings/courvoisier-courts/; no editorial inbound link (index/global only); 90-day rule n/a: page is 9 days old
/buildings/500-brickell/,building,2026-09-28,9,261,76,0.71,0,2,0,0.61,/buildings/brickell-heights/,0,,1,0,NO DATA,NO DATA,"IMPROVE; MERGE-REVIEW (candidate, needs human approval)",page-specific text 76 words; 71% template text; 61% text overlap with /buildings/brickell-heights/; no editorial inbound link (index/global only); 90-day rule n/a: page is 9 days old
/buildings/residences-at-1428-brickell/,building,2026-09-28,9,263,100,0.62,0,2,0,0.59,/buildings/2200-brickell/,0,,1,0,NO DATA,NO DATA,IMPROVE,page-specific text 100 words; 62% template text; no editorial inbound link (index/global only); 90-day rule n/a: page is 9 days old
/buildings/st-regis-residences-miami/,building,2026-09-28,9,280,108,0.61,1,2,0,0.54,/buildings/mandarin-oriental-residences-miami/,0,,1,0,NO DATA,NO DATA,IMPROVE,page-specific text 108 words; 61% template text; 90-day rule n/a: page is 9 days old
/buildings/mercedes-benz-places-miami/,building,2026-09-28,9,262,97,0.63,0,2,0,0.58,/buildings/viceroy-brickell/,0,,1,0,NO DATA,NO DATA,IMPROVE,page-specific text 97 words; 63% template text; no editorial inbound link (index/global only); 90-day rule n/a: page is 9 days old
/buildings/2200-brickell/,building,2026-09-28,9,260,97,0.63,1,2,0,0.59,/buildings/residences-at-1428-brickell/,0,,1,0,NO DATA,NO DATA,IMPROVE,page-specific text 97 words; 63% template text; 90-day rule n/a: page is 9 days old
/buildings/mandarin-oriental-residences-miami/,building,2026-09-28,9,278,108,0.61,2,2,0,0.54,/buildings/st-regis-residences-miami/,0,,1,0,NO DATA,NO DATA,IMPROVE,page-specific text 108 words; 61% template text; 90-day rule n/a: page is 9 days old
/buildings/icon-brickell/,building,2026-09-28,9,264,101,0.62,2,2,0,0.59,/buildings/brickell-heights/,0,,1,0,NO DATA,NO DATA,IMPROVE,page-specific text 101 words; 62% template text; 90-day rule n/a: page is 9 days old
/buildings/millecento-1100/,building,2026-09-28,9,267,104,0.61,0,2,0,0.58,/buildings/500-brickell/,0,,1,0,NO DATA,NO DATA,IMPROVE,page-specific text 104 words; 61% template text; no editorial inbound link (index/global only); 90-day rule n/a: page is 9 days old
/buildings/brickell-heights/,building,2026-09-28,9,260,75,0.71,0,2,0,0.61,/buildings/500-brickell/,0,,1,0,NO DATA,NO DATA,"IMPROVE; MERGE-REVIEW (candidate, needs human approval)",page-specific text 75 words; 71% template text; 61% text overlap with /buildings/500-brickell/; no editorial inbound link (index/global only); 90-day rule n/a: page is 9 days old
/buildings/echo-brickell/,building,2026-09-28,9,283,120,0.58,3,2,0,0.53,/buildings/millecento-1100/,0,,1,0,NO DATA,NO DATA,IMPROVE,page-specific text 120 words; 58% template text; 90-day rule n/a: page is 9 days old
/buildings/brickell-flatiron/,building,2026-09-28,9,270,85,0.69,0,2,0,0.56,/buildings/500-brickell/,0,,1,0,NO DATA,NO DATA,IMPROVE,page-specific text 85 words; 69% template text; no editorial inbound link (index/global only); 90-day rule n/a: page is 9 days old
/buildings/sls-lux/,building,2026-09-28,9,270,85,0.69,1,2,0,0.58,/buildings/brickell-heights/,0,,1,0,NO DATA,NO DATA,IMPROVE,page-specific text 85 words; 69% template text; 90-day rule n/a: page is 9 days old
/buildings/four-seasons-residences/,building,2026-09-28,9,273,108,0.6,1,2,0,0.48,/buildings/cipriani-residences-miami/,0,,1,0,NO DATA,NO DATA,IMPROVE,page-specific text 108 words; 60% template text; 90-day rule n/a: page is 9 days old
/buildings/una-residences/,building,2026-09-28,9,273,105,0.62,3,2,0,0.52,/buildings/st-regis-residences-miami/,0,,1,0,NO DATA,NO DATA,IMPROVE,page-specific text 105 words; 62% template text; 90-day rule n/a: page is 9 days old
/buildings/cipriani-residences-miami/,building,2026-09-28,9,273,108,0.6,1,2,0,0.57,/buildings/mercedes-benz-places-miami/,0,,1,0,NO DATA,NO DATA,IMPROVE,page-specific text 108 words; 60% template text; 90-day rule n/a: page is 9 days old
/buildings/viceroy-brickell/,building,2026-09-28,9,268,103,0.62,0,2,0,0.58,/buildings/mercedes-benz-places-miami/,0,,1,0,NO DATA,NO DATA,IMPROVE,page-specific text 103 words; 62% template text; no editorial inbound link (index/global only); 90-day rule n/a: page is 9 days old
/buildings/baccarat-residences-miami/,building,2026-09-28,9,288,118,0.59,2,2,0,0.53,/buildings/st-regis-residences-miami/,0,,1,0,NO DATA,NO DATA,IMPROVE,page-specific text 118 words; 59% template text; 90-day rule n/a: page is 9 days old
/about/,trust,2026-09-28,9,355,206,0.42,0,0,80,0,,0,,0,0,NO DATA,NO DATA,KEEP,90-day rule n/a: page is 9 days old
/methodology/,trust,2026-09-28,9,329,180,0.45,76,3,1,0,,0,,0,0,NO DATA,NO DATA,KEEP,90-day rule n/a: page is 9 days old
/editorial-standards/,trust,2026-09-28,9,299,150,0.5,76,3,1,0,,0,,0,0,NO DATA,NO DATA,KEEP,90-day rule n/a: page is 9 days old
/disclosures/,trust,2026-09-28,9,330,181,0.45,3,0,77,0,,0,,0,0,NO DATA,NO DATA,KEEP,90-day rule n/a: page is 9 days old
/privacy/,trust,2026-10-01,6,182,182,0,77,3,0,0,,0,,0,0,NO DATA,NO DATA,KEEP,90-day rule n/a: page is 6 days old
